2	ST	SRX1478098	leaf
4	ZM	SRX339769	stomatal division zone
5	ZM	SRX339787	ear
6	ZM	SRX711129	leaf
7	OS	SRX2582231	unknown
8	ZM	SRX711024	ear
9	ZM	SRX711053	leaf
10	ZM	SRX339763	endosperm
11	ZM	SRX539534	shoot
12	SL	SRX2563612	fruit
13	ZM	SRX711154	leaf
14	ZM	SRX711123	leaf
15	SL	SRX3615320	callus
16	ZM	SRX711059	leaf
17	OS	SRX1736754	unknown
18	ZM	SRX2423168	root
19	ST	SRX1478106	leaf
20	ST	SRX1478092	leaf
21	ZM	SRX711220	stem
22	ZM	SRX3187893	unknown
23	ZM	SRX711257	stem
24	ST	SRX2239234	leaf
26	ZM	SRX316714	endosperm
27	ZM	SRX710968	ear
28	ZM	SRX3050536	kernel
29	ZM	SRX710986	ear
30	ZM	SRX1122410	seedling
31	ZM	SRX151755	ear
32	HV	SRX1815083	unknown
33	ST	SRX2737164	leaf
34	OS	SRX200755	root
35	ZM	SRX2574384	unknown
36	OS	SRX3179288	leaf
37	ZM	SRX711327	stem
38	ZM	SRX3187877	unknown
39	ZM	SRX710962	ear
40	SL	SRX2245688	root
41	ZM	SRX710915	ear
42	SL	SRX2245666	root
43	ZM	SRX793134	unknown
44	SL	SRX3615318	callus
45	ZM	SRX711061	leaf
47	ZM	SRX711182	leaf
48	HV	SRX2009414	unknown
49	ZM	SRX2425998	kernel
50	ZM	SRX2425992	unknown
51	HV	SRX3056731	unknown
52	ST	SRX502838	leaf
53	HV	SRX3056746	unknown
60	OS	SRX1549416	unknown
55	ZM	SRX711111	leaf
56	ZM	SRX711166	leaf
58	ZM	SRX2710005	kernel
59	SL	SRX851872	meristem
77	ZM	SRX2593647	embryos
61	ZM	SRX1120751	root
62	ZM	SRX275924	stem
63	SL	SRX3385266	unknown
64	ZM	SRX339808	Mature pollen
65	ZM	SRX711265	stem
66	ZM	SRX711212	stem
67	ZM	SRX710927	ear
68	ZM	SRX710950	ear
71	ZM	SRX711281	stem
72	ZM	SRX711315	stem
73	ZM	SRX2251444	leaf
74	SL	SRX851878	meristem
75	OS	SRX219964	root
76	ZM	SRX2251433	leaf
82	ZM	SRX745310	unknown
78	ST	SRX2737156	leaf
79	ZM	SRX2593630	embryos
80	ST	SRX2417177	leaf
81	SL	SRX328386	unknown
97	ZM	SRX3187864	unknown
83	ST	SRX1478115	leaf
84	ST	SRX1478081	leaf
85	ZM	SRX339770	stomatal division zone
86	OS	SRX2582228	unknown
87	ZM	SRX711147	leaf
89	SL	SRX3615333	root
90	OS	SRX1549397	unknown
91	ZM	SRX339794	root
92	ZM	SRX711037	ear
93	ZM	SRX711040	ear
94	ZM	SRX1676950	unknown
95	ZM	SRX2423171	root
96	ZM	SRX711334	stem
98	ZM	SRX1655616	endosperm
99	ZM	SRX711239	stem
100	SL	SRX2245675	root
101	ZM	SRX1122409	seedling
102	ZM	SRX339823	meristem
103	ZM	SRX710971	ear
104	SL	SRX1160128	ovary
105	ZM	SRX710906	ear
106	OS	SRX3325363	leaf
107	ZM	SRX151746	tassel primordia
109	ZM	SRX711233	stem
110	ZM	SRX711244	stem
111	ZM	SRX3187880	unknown
112	ZM	SRX710995	ear
114	ZM	SRX710898	ear
115	SL	SRX1160122	ovule
116	ZM	SRX711078	leaf
117	ZM	SRX711096	leaf
119	ZM	SRX711175	leaf
120	HV	SRX3056722	unknown
121	ZM	SRX1528705	ovary
122	ZM	SRX2035799	kernel
123	HV	SRX3056728	unknown
124	ZM	SRX711072	leaf
125	ZM	SRX711005	ear
126	ZM	SRX711191	leaf
127	ZM	SRX3599905	unknown
128	ZM	SRX711108	leaf
130	ST	SRX2737145	leaf
131	ZM	SRX1120748	stem
132	ST	SRX2737132	leaf
133	ZM	SRX2593623	embryos
134	ZM	SRX2251420	leaf
135	ZM	SRX745297	unknown
136	ZM	SRX745303	unknown
137	HV	SRX2422162	unknown
138	ZM	SRX710934	ear
139	ZM	SRX710943	ear
140	ZM	SRX339811	silks
141	ZM	SRX3187856	unknown
142	ZM	SRX711292	stem
144	ZM	SRX1655624	endosperm
145	OS	SRX2458146	root
146	ZM	SRX710949	ear
147	ZM	SRX711298	stem
148	ZM	SRX3434714	leaf
149	ZM	SRX711276	stem
151	SL	SRX2578840	meristem
150	ZM	SRX711201	stem
152	ST	SRX2737138	leaf
153	ZM	SRX2593629	embryos
154	OS	SRX480864	stem
155	OS	SRX1549405	unknown
156	ZM	SRX503017	leaf
157	ZM	SRX745309	unknown
158	ZM	SRX2251427	leaf
159	OS	SRX1549408	unknown
160	OS	SRX480869	stem
161	ZM	SRX2251450	leaf
163	ST	SRX2737135	leaf
164	ST	SRX2737142	leaf
165	ZM	SRX2593653	embryos
166	SL	SRX328392	unknown
167	ZM	SRX745304	unknown
168	ZM	SRX339816	internode
169	ZM	SRX710944	ear
170	ZM	SRX710933	ear
171	ZM	SRX1655623	endosperm
172	ZM	SRX711301	stem
173	ZM	SRX711295	stem
174	ZM	SRX710939	ear
175	SL	SRX1160117	ovule
176	ZM	SRX711206	stem
177	ZM	SRX711271	stem
178	ZM	SRX3434713	leaf
179	OS	SRX1549402	unknown
180	ST	SRX2737148	leaf
181	ZM	SRX2593659	endosperm
182	ST	SRX2417169	leaf
183	ZM	SRX827239	leaf
184	SL	SRX328376	unknown
185	ZM	SRX711172	leaf
186	ZM	SRX3599908	unknown
187	ZM	SRX711105	leaf
188	ZM	SRX711091	leaf
189	ZM	SRX711008	ear
190	ST	SRX1478120	leaf
191	HV	SRX3056752	unknown
192	HV	SRX3056725	unknown
193	ZM	SRX1528708	ovary
194	ZM	SRX711178	leaf
195	ZM	SRX3599902	unknown
196	ZM	SRX711196	stem
197	ZM	SRX711002	ear
198	ZM	SRX711075	leaf
200	ZM	SRX711333	stem
201	ZM	SRX710895	unknown
202	ZM	SRX710901	ear
203	ZM	SRX710976	ear
204	ZM	SRX710998	ear
205	SL	SRX2245672	root
206	ZM	SRX151741	leaf
207	OS	SRX3325364	leaf
208	HV	SRX1815079	unknown
209	ZM	SRX2251415	leaf
210	ZM	SRX2593661	endosperm
211	ZM	SRX2593616	embryos
212	ZM	SRX2035811	kernel
213	ZM	SRX3187887	unknown
214	ZM	SRX711243	stem
216	ZM	SRX3187869	unknown
218	SL	SRX1160125	ovule
219	SL	SRX2245696	root
220	SL	SRX2245678	root
221	ZM	SRX710992	ear
222	ZM	SRX2527288	stem
223	ST	SRX1478086	leaf
224	ST	SRX1478112	leaf
225	ZM	SRX339777	embryos
226	ZM	SRX339799	root
227	ZM	SRX711137	leaf
228	ZM	SRX711140	leaf
229	ZM	SRX339793	root
230	OS	SRX2582225	unknown
231	ZM	SRX711047	leaf
232	ZM	SRX711030	ear
233	ZM	SRX2423176	root
234	ST	SRX1478118	leaf
235	OS	SRX1549411	unknown
236	SL	SRX851875	meristem
237	ZM	SRX2251449	leaf
239	ZM	SRX711318	stem
240	ZM	SRX711215	stem
241	ZM	SRX711262	stem
242	ZM	SRX718187	ear
243	ZM	SRX339805	root
244	ZM	SRX710957	ear
245	ZM	SRX710920	ear
246	ZM	SRX711312	stem
247	ZM	SRX711286	stem
248	ZM	SRX711268	stem
249	OS	SRX2458152	root
250	ST	SRX2417170	leaf
251	ZM	SRX2593637	embryos
252	ST	SRX2737151	leaf
253	ZM	SRX2593640	embryos
254	ZM	SRX2251434	leaf
255	OS	SRX219963	root
256	ZM	SRX2251443	leaf
257	SL	SRX328381	unknown
258	ZM	SRX711185	leaf
259	ZM	SRX711011	ear
260	ZM	SRX711066	leaf
261	ZM	SRX711088	leaf
262	HV	SRX2009413	unknown
263	ST	SRX502835	leaf
264	ST	SRX502842	leaf
265	ZM	SRX2425995	kernel
266	HV	SRX3056741	unknown
267	HV	SRX3056736	unknown
268	ZM	SRX711161	leaf
270	ZM	SRX711082	leaf
271	ZM	SRX339756	endosperm
272	OS	SRX3179285	leaf
273	ZM	SRX711250	stem
274	ZM	SRX711227	stem
275	ZM	SRX2574389	unknown
276	ZM	SRX710981	ear
277	ZM	SRX793139	unknown
278	ZM	SRX316713	kernel
279	ZM	SRX710918	ear
280	SL	SRX2245685	root
281	ZM	SRX151758	meristem
282	HV	SRX1815084	unknown
283	ZM	SRX2035808	kernel
285	ST	SRX2737163	leaf
286	ZM	SRX3187870	unknown
287	ZM	SRX711320	stem
288	ST	SRX2239239	root
289	OS	SRX200752	root
290	ZM	SRX316719	endosperm
291	ZM	SRX710912	ear
292	ZM	SRX710965	ear
293	ZM	SRX2527291	stem
295	ZM	SRX339780	kernel
296	ZM	SRX2426002	kernel
297	ZM	SRX539539	root
298	ZM	SRX711054	leaf
299	ZM	SRX711023	ear
300	ZM	SRX711159	leaf
301	OS	SRX2582236	unknown
302	OS	SRX2582241	unknown
303	ZM	SRX539533	root
304	ZM	SRX339764	endosperm
305	ZM	SRX711029	ear
306	SL	SRX3615327	root
307	ZM	SRX711124	leaf
308	ZM	SRX711153	leaf
309	OS	SRX1736753	unknown
310	ST	SRX1478095	leaf
311	ZM	SRX1676939	shoot
312	ST	SRX1478101	leaf
313	ZM	SRX710916	ear
314	ZM	SRX710961	ear
315	ZM	SRX793137	unknown
316	ZM	SRX793140	unknown
317	ZM	SRX2574387	unknown
318	ZM	SRX711229	stem
319	ZM	SRX711324	stem
320	ZM	SRX3187874	unknown
321	ST	SRX2737167	leaf
322	ZM	SRX151756	meristem
324	ZM	SRX503042	leaf
325	SL	SRX2245681	root
327	ZM	SRX710985	ear
328	ZM	SRX3050535	kernel
329	ZM	SRX1122413	seedling
330	ZM	SRX711254	stem
331	ZM	SRX3187890	unknown
332	ST	SRX2239237	root
333	ST	SRX2239240	root
334	ZM	SRX711223	stem
335	ST	SRX1478105	leaf
336	ST	SRX1478091	leaf
337	ZM	SRX711120	leaf
338	SL	SRX3615323	callus
339	OS	SRX2582238	unknown
340	ZM	SRX711157	leaf
341	SL	SRX2563611	fruit
342	ZM	SRX539537	root
343	ZM	SRX339760	pericarp and aleurone
344	ZM	SRX539540	shoot
345	OS	SRX2582232	unknown
346	SL	SRX3615329	root
347	ZM	SRX711050	leaf
348	ZM	SRX711027	ear
349	ZM	SRX339784	leaf
350	ZM	SRX1676940	unknown
351	ZM	SRX2527295	silks
352	SL	SRX328385	unknown
353	ZM	SRX2251430	leaf
354	ZM	SRX2251447	leaf
355	ST	SRX2417174	leaf
356	ZM	SRX2593633	embryos
357	ZM	SRX2593644	embryos
358	ST	SRX2737155	leaf
359	OS	SRX1158855	aleurone layer
360	ZM	SRX711282	stem
361	ZM	SRX711316	stem
362	ZM	SRX710953	ear
363	ZM	SRX339801	root
364	ZM	SRX710924	ear
365	ZM	SRX711211	stem
366	ZM	SRX711266	stem
367	ZM	SRX711288	stem
368	ZM	SRX710959	ear
369	ZM	SRX718189	ear
370	OS	SRX1740214	root
371	SL	SRX3385265	unknown
372	ZM	SRX503007	leaf
373	SL	SRX851871	meristem
374	ZM	SRX2593639	embryos
375	ZM	SRX711165	leaf
377	ZM	SRX711112	leaf
379	HV	SRX3056745	unknown
380	HV	SRX3056732	unknown
381	ZM	SRX2425991	kernel
382	SL	SRX481132	unknown
383	HV	SRX3056738	unknown
384	HV	SRX2009417	unknown
385	ZM	SRX339758	endosperm
386	ZM	SRX711118	leaf
387	ZM	SRX711015	ear
388	ZM	SRX711181	leaf
389	ZM	SRX711062	leaf
390	ZM	SRX710996	ear
391	SL	SRX1160121	ovule
392	ZM	SRX710978	ear
393	ZM	SRX711247	stem
394	ZM	SRX711230	stem
395	ZM	SRX2593618	embryos
396	ZM	SRX2035815	kernel
397	ZM	SRX313719	unknown
398	ZM	SRX2593665	endosperm
399	ZM	SRX151745	leaf
400	SL	SRX2245676	root
401	SL	SRX2245698	root
402	ZM	SRX710905	ear
403	ZM	SRX339820	internode
404	ZM	SRX710972	unknown
405	ZM	SRX711337	stem
406	ZM	SRX3187867	unknown
407	ZM	SRX711340	stem
408	ZM	SRX3187889	unknown
409	ZM	SRX1655615	endosperm
410	ST	SRX1478088	leaf
411	ZM	SRX2423172	root
412	ZM	SRX2527286	stem
414	ZM	SRX711034	ear
415	ZM	SRX711139	leaf
416	OS	SRX1549394	unknown
417	ZM	SRX339797	root
418	ZM	SRX339779	embryos
419	ZM	SRX711049	leaf
420	ZM	SRX711133	leaf
421	SL	SRX3615330	unknown
422	ZM	SRX711144	leaf
423	ZM	SRX339773	growth zone
424	ST	SRX1478116	leaf
425	ST	SRX1478082	leaf
426	ZM	SRX2423178	root
427	SL	SRX2035827	anther
428	OS	SRX480867	stem
431	ZM	SRX711202	stem
432	SL	SRX2578843	meristem
433	ZM	SRX711275	stem
434	SL	SRX1160113	ovule
435	ZM	SRX339818	internode
436	ZM	SRX711291	stem
437	ZM	SRX3187855	unknown
438	ZM	SRX711305	stem
439	ZM	SRX711208	stem
440	ZM	SRX710940	ear
441	SL	SRX1160119	ovary
442	ZM	SRX339812	silks
444	ZM	SRX313721	unknown
445	ZM	SRX745294	unknown
446	ZM	SRX745300	unknown
447	ZM	SRX827240	seedling
448	ZM	SRX2593620	embryos
449	ZM	SRX2593657	embryos
450	ST	SRX2737146	leaf
451	ZM	SRX2251423	leaf
452	ZM	SRX2251454	leaf
453	ZM	SRX711006	ear
454	ZM	SRX711192	leaf
455	ZM	SRX711071	leaf
456	ZM	SRX3599906	unknown
457	ZM	SRX2425988	kernel
458	ZM	SRX1528706	ovary
459	HV	SRX3056721	unknown
460	ST	SRX1478124	leaf
461	ZM	SRX711198	stem
462	ZM	SRX711176	leaf
463	ZM	SRX711095	leaf
464	ZM	SRX711101	leaf
465	ZM	SRX3599901	unknown
466	ZM	SRX711098	leaf
467	ZM	SRX711076	leaf
468	ZM	SRX711195	stem
469	ZM	SRX711001	ear
470	HV	SRX3056726	unknown
471	HV	SRX3056751	unknown
472	ST	SRX1478123	leaf
473	ZM	SRX711106	leaf
474	ZM	SRX711092	leaf
475	ZM	SRX711171	leaf
476	SL	SRX328375	unknown
477	ZM	SRX745299	unknown
478	OS	SRX1549401	unknown
479	ZM	SRX2251459	leaf
480	ZM	SRX1120746	leaf
481	ZM	SRX711272	stem
482	ZM	SRX343582	leaf
484	ZM	SRX711205	stem
485	ZM	SRX711308	stem
486	ZM	SRX3187858	unknown
487	SL	SRX1160114	ovule
488	ZM	SRX711278	stem
489	SL	SRX2578839	meristem
490	ZM	SRX711302	stem
491	ZM	SRX711296	stem
493	ZM	SRX339815	mature female spikelets
494	ZM	SRX710947	ear
495	SL	SRX328391	unknown
496	ZM	SRX745307	unknown
497	ZM	SRX745293	unknown
498	ZM	SRX2251424	leaf
499	ST	SRX2737141	leaf
500	ZM	SRX2593650	embryos
501	ZM	SRX2593627	embryos
502	SL	SRX851881	meristem
503	ST	SRX2737136	leaf
504	ZM	SRX2423175	root
505	ZM	SRX711149	leaf
506	OS	SRX2582226	unknown
507	ZM	SRX711033	ear
508	ZM	SRX711044	leaf
509	ZM	SRX339790	ear
510	ZM	SRX711143	leaf
511	ZM	SRX711134	leaf
512	ZM	SRX711039	ear
513	ZM	SRX339774	embryos
514	OS	SRX1549399	unknown
515	ST	SRX1478085	leaf
516	ST	SRX1478111	leaf
517	ZM	SRX710908	ear
518	SL	SRX2245695	root
519	SL	SRX1160126	ovule
520	ZM	SRX710991	ear
521	ZM	SRX711237	stem
522	ZM	SRX1655618	endosperm
523	ZM	SRX711240	stem
524	ZM	SRX3187884	unknown
525	OS	SRX200748	root
526	ZM	SRX151748	tassel primordia
527	ZM	SRX2251416	leaf
528	ZM	SRX2593662	endosperm
529	ZM	SRX151742	leaf
530	ZM	SRX710975	ear
531	ZM	SRX316709	kernel
532	ZM	SRX710896	ear
533	ZM	SRX710902	ear
535	ZM	SRX3187860	unknown
536	ZM	SRX711330	stem
538	ZM	SRX711115	leaf
539	SL	SRX3615316	callus
540	ZM	SRX711081	leaf
541	ZM	SRX711162	leaf
543	HV	SRX3056742	unknown
544	SL	SRX481135	unknown
545	ZM	SRX2425996	kernel
546	HV	SRX3056748	unknown
547	ST	SRX502841	leaf
548	ST	SRX502836	leaf
549	ZM	SRX711065	leaf
550	ZM	SRX711186	leaf
551	ZM	SRX711012	ear
552	ZM	SRX711168	leaf
553	SL	SRX328382	unknown
554	ST	SRX2737152	leaf
555	ZM	SRX2593643	embryos
556	ZM	SRX2593634	embryos
557	ST	SRX2417173	leaf
558	OS	SRX219960	root
559	OS	SRX1549418	unknown
560	ZM	SRX2251440	leaf
561	ZM	SRX711311	stem
562	ZM	SRX711285	stem
563	OS	SRX2458151	root
564	ZM	SRX718184	ear
565	ZM	SRX710923	ear
566	ZM	SRX339806	root
567	ZM	SRX710954	ear
568	ZM	SRX711261	stem
569	ZM	SRX711216	stem
570	ZM	SRX710929	ear
571	SL	SRX328388	unknown
572	ST	SRX2737158	leaf
573	ZM	SRX2593649	embryos
574	OS	SRX1549412	unknown
575	SL	SRX851876	meristem
576	ST	SRX1478096	leaf
577	ST	SRX1478102	leaf
578	ZM	SRX711150	leaf
579	SL	SRX3615324	callus
580	ZM	SRX711127	leaf
581	ZM	SRX339789	ear
582	ZM	SRX339767	symmetrical division zone
583	ZM	SRX711020	ear
584	ZM	SRX711057	leaf
585	OS	SRX2582235	unknown
586	ZM	SRX339783	leaf
587	ZM	SRX2426001	kernel
588	ST	SRX1478108	leaf
591	ZM	SRX710988	ear
592	ZM	SRX710966	ear
593	ZM	SRX710911	ear
595	ZM	SRX711323	stem
596	ZM	SRX711259	stem
597	ST	SRX3092913	seed tubers
598	ST	SRX2737160	leaf
599	HV	SRX1815087	unknown
600	ZM	SRX2534911	leaf
601	ZM	SRX151751	tassel primordia
602	OS	SRX1549420	unknown
603	OS	SRX219958	root
604	ZM	SRX503032	leaf
605	ZM	SRX1122414	seedling
606	ZM	SRX710982	ear
607	SL	SRX2245668	root
608	ZM	SRX316710	kernel
609	ZM	SRX3187879	unknown
610	ZM	SRX711329	stem
611	OS	SRX3179286	leaf
612	ZM	SRX711224	stem
613	ZM	SRX711253	stem
614	ST	SRX2737150	leaf
615	ZM	SRX2593641	embryos
616	ZM	SRX2593636	embryos
617	ZM	SRX2251442	leaf
618	ZM	SRX1683450	leaf
619	SL	SRX328380	unknown
620	ZM	SRX718186	ear
621	ZM	SRX710921	unknown
622	ZM	SRX339804	root
623	ZM	SRX710956	ear
624	ZM	SRX711313	stem
625	ZM	SRX711287	stem
626	ZM	SRX343577	leaf
627	ZM	SRX711269	stem
628	ZM	SRX711319	stem
629	ZM	SRX711263	stem
630	ZM	SRX711214	stem
632	OS	SRX1549410	unknown
633	SL	SRX851874	meristem
634	ZM	SRX275922	stem
635	ZM	SRX711117	leaf
636	ZM	SRX711083	leaf
637	ZM	SRX711160	leaf
638	HV	SRX2009418	unknown
639	ZM	SRX339757	endosperm
640	ZM	SRX2425994	kernel
641	HV	SRX3056737	unknown
642	HV	SRX3056740	unknown
643	ZM	SRX1528710	ovary
645	ZM	SRX711184	leaf
646	ZM	SRX711010	ear
647	ZM	SRX711089	leaf
648	HV	SRX2009412	unknown
649	ZM	SRX3187871	unknown
650	ZM	SRX711321	stem
651	ST	SRX2239238	root
652	OS	SRX200753	root
653	ST	SRX3092911	seed tubers
654	ZM	SRX710964	ear
655	ZM	SRX316718	endosperm
656	ZM	SRX710913	ear
657	ZM	SRX2035809	kernel
658	HV	SRX1815085	unknown
659	ZM	SRX2534913	leaf
660	ZM	SRX151753	ear
661	ST	SRX2737162	leaf
662	ZM	SRX503030	leaf
663	ZM	SRX151759	meristem
664	ZM	SRX711226	stem
665	ZM	SRX2574388	unknown
666	ZM	SRX711251	stem
667	ZM	SRX1122416	seedling
668	ZM	SRX793138	unknown
670	ZM	SRX316712	kernel
671	SL	SRX2245684	root
672	ZM	SRX710919	ear
673	OS	SRX1736752	unknown
674	ST	SRX1478094	leaf
675	ST	SRX1478100	leaf
676	ZM	SRX1676938	shoot
677	ZM	SRX339765	symmetrical division zone
678	ZM	SRX539532	shoot
679	ZM	SRX711028	ear
680	ZM	SRX711152	leaf
681	SL	SRX3615326	root
682	ZM	SRX711125	leaf
683	ZM	SRX339781	kernel
684	ZM	SRX539538	shoot
685	ZM	SRX711022	ear
686	ZM	SRX711055	leaf
687	OS	SRX2582240	unknown
688	OS	SRX2582237	unknown
689	ZM	SRX711158	leaf
690	ZM	SRX2527290	stem
691	ZM	SRX1676945	unknown
692	OS	SRX1549403	unknown
693	ST	SRX2417168	leaf
694	ST	SRX2737149	leaf
695	ZM	SRX2593658	embryos
696	SL	SRX1160116	ovary
698	ZM	SRX711270	stem
700	SL	SRX2578846	meristem
701	ZM	SRX711207	stem
702	ST	SRX1426094	stem
703	ZM	SRX710932	ear
704	ZM	SRX339817	internode
705	ZM	SRX710945	ear
706	ZM	SRX1655622	unknown
707	ZM	SRX711300	stem
708	ZM	SRX711294	stem
709	OS	SRX1549409	unknown
710	ZM	SRX2251451	leaf
711	OS	SRX480868	stem
712	ZM	SRX2251426	leaf
713	ST	SRX2737143	leaf
714	ZM	SRX2593652	embryos
715	ZM	SRX2593625	embryos
716	ST	SRX2737134	leaf
717	ZM	SRX745305	unknown
718	ZM	SRX745291	unknown
719	SL	SRX2035828	anther
720	ZM	SRX3599903	unknown
721	ZM	SRX711179	leaf
722	ZM	SRX711074	leaf
723	ZM	SRX711197	stem
724	ZM	SRX711003	ear
725	ZM	SRX1528709	ovary
726	ZM	SRX2425987	kernel
727	ST	SRX1478121	leaf
728	HV	SRX3056724	unknown
729	ZM	SRX711104	leaf
730	ZM	SRX711090	leaf
731	ZM	SRX3599909	unknown
732	ZM	SRX711173	leaf
733	ZM	SRX711009	ear
734	ZM	SRX711235	stem
735	ZM	SRX711242	stem
736	ZM	SRX3187886	unknown
737	ZM	SRX3187868	unknown
738	ZM	SRX711338	stem
739	SL	SRX2245697	root
740	SL	SRX1160124	ovary
741	ZM	SRX710993	ear
742	SL	SRX2245679	root
743	ZM	SRX2035810	kernel
745	OS	SRX3325365	leaf
746	HV	SRX1815078	unknown
747	ZM	SRX151740	leaf
748	ZM	SRX2251414	leaf
749	ZM	SRX2593617	embryos
750	ZM	SRX711248	stem
752	ZM	SRX711332	stem
753	ZM	SRX710977	ear
754	ZM	SRX710894	ear
755	ZM	SRX710900	ear
756	SL	SRX2245673	root
757	ZM	SRX710999	ear
758	ZM	SRX2423177	root
759	ST	SRX1478119	leaf
760	ZM	SRX339792	root
761	OS	SRX2582224	unknown
762	ZM	SRX711031	ear
763	ZM	SRX711046	leaf
764	ZM	SRX339776	embryos
765	ZM	SRX339798	root
766	ZM	SRX711141	leaf
768	ZM	SRX2527289	stem
769	ST	SRX1478087	leaf
770	ST	SRX1478113	leaf
771	ZM	SRX1676951	shoot
772	ZM	SRX2423170	root
773	OS	SRX1549396	unknown
774	ZM	SRX339795	root
775	ZM	SRX711041	ear
776	ZM	SRX711036	ear
777	ZM	SRX711131	leaf
778	SL	SRX3615332	root
779	ZM	SRX711146	leaf
780	OS	SRX2582229	unknown
781	ST	SRX1478114	leaf
782	ST	SRX1478080	leaf
783	ZM	SRX3187881	unknown
784	ZM	SRX711245	stem
785	ZM	SRX711232	stem
786	ZM	SRX710994	ear
787	SL	SRX1160123	ovary
788	SL	SRX2245690	root
789	ZM	SRX710899	ear
790	ZM	SRX2251419	leaf
791	ZM	SRX151747	tassel primordia
792	ZM	SRX711335	stem
793	ZM	SRX3187865	unknown
794	ZM	SRX711238	stem
795	OS	SRX200747	root
796	ZM	SRX1655617	endosperm
797	ZM	SRX1122408	seedling
798	SL	SRX2245674	root
799	ZM	SRX710907	ear
800	ZM	SRX339822	meristem
801	ZM	SRX710970	ear
802	ZM	SRX711004	ear
803	ZM	SRX711190	leaf
806	ZM	SRX3599904	unknown
807	ZM	SRX2035798	kernel
808	HV	SRX3056729	unknown
809	ST	SRX1478126	leaf
810	HV	SRX3056723	unknown
811	ZM	SRX711079	leaf
812	ZM	SRX711174	leaf
813	ZM	SRX711097	leaf
814	ZM	SRX711103	leaf
815	ST	SRX2737139	leaf
816	ZM	SRX2593628	embryos
817	OS	SRX480865	stem
818	OS	SRX1549404	unknown
819	ZM	SRX745308	unknown
820	SL	SRX2035825	anther
821	ZM	SRX710948	ear
822	ST	SRX1426093	stem
823	ZM	SRX711299	stem
824	ZM	SRX711200	stem
825	SL	SRX2578841	meristem
826	ZM	SRX711277	stem
827	ZM	SRX710942	ear
828	ZM	SRX339810	silks
829	ZM	SRX710935	ear
830	ZM	SRX711293	stem
831	ZM	SRX711307	stem
832	OS	SRX2458147	root
833	ZM	SRX1655625	endosperm
834	ST	SRX2737133	leaf
835	ZM	SRX1120749	stem
836	ZM	SRX2593622	embryos
837	ZM	SRX2593655	embryos
839	ZM	SRX2251421	leaf
840	ZM	SRX2251456	leaf
841	ZM	SRX745296	unknown
842	ZM	SRX745302	unknown
843	ZM	SRX827242	seedling
844	ZM	SRX2423169	root
845	ST	SRX1478107	leaf
846	ST	SRX1478093	leaf
847	ZM	SRX1676948	leaf
848	SL	SRX2563613	fruit
849	ZM	SRX539535	root
850	ZM	SRX539542	shoot
851	ZM	SRX339762	endosperm
852	ZM	SRX711122	leaf
853	SL	SRX3615321	callus
854	ZM	SRX711155	leaf
855	ZM	SRX711058	leaf
856	ZM	SRX339768	stomatal division zone
857	ZM	SRX339786	ear
860	ZM	SRX711052	leaf
861	ZM	SRX711025	ear
862	ZM	SRX2527297	silks
863	ZM	SRX1676942	shoot
864	ZM	SRX1676935	leaf
865	ST	SRX1478099	leaf
866	ZM	SRX2574385	unknown
867	OS	SRX200754	root
868	ZM	SRX711326	stem
869	ZM	SRX3187876	unknown
870	ZM	SRX710914	ear
871	SL	SRX2245689	root
872	ZM	SRX710963	ear
873	ZM	SRX793135	unknown
874	SL	SRX2245667	root
875	ZM	SRX151754	ear
876	HV	SRX1815082	unknown
877	ST	SRX2737165	leaf
878	ZM	SRX275917	stem
879	ZM	SRX2035804	kernel
880	ZM	SRX503037	leaf
881	OS	SRX2069855	Crown
882	ZM	SRX711256	stem
883	ST	SRX2239235	leaf
884	ZM	SRX711221	stem
885	ZM	SRX710969	ear
886	SL	SRX2245683	root
887	ZM	SRX316715	endosperm
888	ZM	SRX710987	ear
889	ZM	SRX3050537	kernel
890	ZM	SRX1122411	seedling
891	ZM	SRX711167	leaf
892	ZM	SRX711084	leaf
893	ZM	SRX711110	leaf
894	ZM	SRX711189	leaf
896	ZM	SRX2425993	kernel
897	ZM	SRX502943	leaf
898	HV	SRX3056747	unknown
899	HV	SRX3056730	unknown
900	ST	SRX502839	leaf
901	ZM	SRX2425999	kernel
902	SL	SRX3615319	callus
903	ZM	SRX711017	ear
904	ZM	SRX711183	leaf
905	ZM	SRX711060	leaf
906	HV	SRX2009415	unknown
907	ZM	SRX2251432	leaf
908	SL	SRX851879	meristem
909	ZM	SRX2251445	leaf
910	OS	SRX219965	root
911	ST	SRX2417176	leaf
913	ZM	SRX2593646	embryos
914	ST	SRX2737157	leaf
915	SL	SRX328387	unknown
916	ZM	SRX745311	unknown
917	ZM	SRX710951	ear
918	ZM	SRX339803	root
919	ZM	SRX710926	ear
920	ZM	SRX711219	stem
921	ZM	SRX711280	stem
922	ZM	SRX711314	stem
923	ZM	SRX339809	Mature pollen
924	ZM	SRX711213	stem
925	ZM	SRX711264	stem
926	SL	SRX851873	meristem
927	OS	SRX1549417	unknown
928	ZM	SRX2251438	leaf
929	ZM	SRX1120750	root
930	HV	SRX2009411	unknown
931	ZM	SRX711187	leaf
932	ZM	SRX711013	ear
933	ZM	SRX711064	leaf
934	ZM	SRX711169	leaf
936	HV	SRX3056749	unknown
937	ST	SRX502840	leaf
938	HV	SRX3056743	unknown
939	HV	SRX3056734	unknown
940	SL	SRX481134	unknown
941	ZM	SRX2425997	kernel
942	ZM	SRX711019	ear
943	ZM	SRX711163	leaf
944	ZM	SRX711114	leaf
945	ZM	SRX711080	unknown
946	SL	SRX3615317	callus
947	SL	SRX328389	unknown
948	ST	SRX2737159	leaf
949	ZM	SRX2593648	embryos
950	ST	SRX2417178	leaf
951	OS	SRX1549413	unknown
952	SL	SRX851877	meristem
953	ZM	SRX711217	stem
954	ZM	SRX711260	stem
955	ZM	SRX710928	ear
956	ZM	SRX711310	stem
957	ZM	SRX711284	stem
958	OS	SRX2458150	root
959	ZM	SRX718185	ear
960	ZM	SRX339807	Mature pollen
961	ZM	SRX710955	ear
962	ZM	SRX710922	ear
963	SL	SRX328383	unknown
964	ST	SRX2417172	leaf
966	ST	SRX2737153	leaf
967	ZM	SRX2593642	embryos
968	ZM	SRX2251436	leaf
969	OS	SRX1549419	unknown
970	OS	SRX219961	root
971	ZM	SRX1676946	leaf
972	ST	SRX1478109	leaf
973	ZM	SRX2527293	silks
974	ZM	SRX711056	leaf
975	ZM	SRX711021	ear
976	OS	SRX2582234	unknown
977	ZM	SRX339782	kernel
978	ZM	SRX2426000	kernel
979	SL	SRX3615325	root
980	ZM	SRX711126	leaf
981	ZM	SRX711151	leaf
982	ZM	SRX339788	ear
983	ZM	SRX539531	root
984	ZM	SRX339766	symmetrical division zone
985	ST	SRX1478097	leaf
987	ST	SRX1478079	leaf
988	OS	SRX1736751	unknown
989	SL	SRX2245669	root
990	ZM	SRX1122415	unknown
991	ZM	SRX710983	ear
992	ZM	SRX316711	kernel
993	OS	SRX3179287	leaf
994	ZM	SRX3187878	unknown
995	ZM	SRX711328	stem
996	ZM	SRX711252	stem
997	ZM	SRX711225	stem
998	OS	SRX219959	root
999	ZM	SRX2035800	kernel
1000	ST	SRX2737161	leaf
1001	HV	SRX1815086	unknown
1002	ZM	SRX151750	tassel primordia
1003	ZM	SRX710989	ear
1004	ZM	SRX710910	ear
1005	ZM	SRX710967	ear
1006	ZM	SRX3187872	unknown
1007	ZM	SRX711322	stem
1008	ST	SRX3092912	seed tubers
1009	OS	SRX200750	root
1010	ZM	SRX711258	stem
1011	ZM	SRX711170	leaf
1012	ZM	SRX711107	leaf
1013	ZM	SRX711093	leaf
1014	HV	SRX3056750	unknown
1015	HV	SRX3056727	unknown
1016	ST	SRX1478122	leaf
1017	ZM	SRX711099	leaf
1019	ZM	SRX711194	stem
1020	ZM	SRX711000	ear
1021	ZM	SRX711077	leaf
1022	SL	SRX328390	unknown
1023	ZM	SRX745306	unknown
1024	ZM	SRX745292	unknown
1025	ZM	SRX2251425	leaf
1026	ZM	SRX2251452	leaf
1027	SL	SRX851880	meristem
1028	ZM	SRX2593626	embryos
1029	ST	SRX2737137	leaf
1030	ST	SRX2737140	leaf
1031	ZM	SRX2593651	embryos
1032	ZM	SRX1655621	endosperm
1033	ZM	SRX711279	stem
1034	ZM	SRX711303	stem
1035	ZM	SRX711297	stem
1036	ZM	SRX3187853	unknown
1037	ZM	SRX339814	mature female spikelets
1038	ZM	SRX710946	ear
1039	ZM	SRX710931	ear
1040	SL	SRX2578845	meristem
1041	ZM	SRX711204	stem
1042	ZM	SRX711273	stem
1044	ZM	SRX711309	stem
1045	ZM	SRX3187859	unknown
1046	SL	SRX1160115	ovary
1047	ZM	SRX745298	unknown
1048	OS	SRX1549400	unknown
1049	ZM	SRX2251458	leaf
1050	ZM	SRX1120747	leaf
1051	ST	SRX1478084	leaf
1052	ST	SRX1478110	leaf
1053	ZM	SRX711135	leaf
1054	ZM	SRX711142	leaf
1055	ZM	SRX711038	ear
1056	ZM	SRX339775	embryos
1057	OS	SRX1549398	unknown
1058	OS	SRX2582227	unknown
1059	ZM	SRX711148	leaf
1060	ZM	SRX711045	leaf
1061	ZM	SRX711032	ear
1062	ZM	SRX339791	ear
1063	ZM	SRX2423174	root
1064	ZM	SRX710897	ear
1065	ZM	SRX316708	kernel
1066	ZM	SRX710903	ear
1067	ZM	SRX710974	ear
1068	SL	SRX2245670	root
1069	ZM	SRX3187861	unknown
1070	ZM	SRX711331	stem
1072	ZM	SRX2251417	leaf
1073	ZM	SRX2593663	endosperm
1074	ZM	SRX151743	leaf
1075	OS	SRX3325366	leaf
1076	ZM	SRX2035819	kernel
1077	ZM	SRX2534909	leaf
1078	ZM	SRX151749	tassel primordia
1079	SL	SRX1160127	ovary
1080	SL	SRX2245694	root
1081	ZM	SRX710909	ear
1082	ZM	SRX710990	ear
1083	OS	SRX200749	root
1084	ZM	SRX3187885	unknown
1085	ZM	SRX711241	stem
1086	ZM	SRX1655619	endosperm
1088	SL	SRX2245677	root
1089	ZM	SRX339821	internode
1090	ZM	SRX710973	ear
1091	ZM	SRX710904	ear
1092	SL	SRX2245699	root
1093	ZM	SRX711341	stem
1094	ZM	SRX711336	stem
1095	ZM	SRX3187866	unknown
1096	ZM	SRX3187888	unknown
1097	ZM	SRX2593664	endosperm
1098	ZM	SRX151744	leaf
1099	ZM	SRX2593619	embryos
1100	ZM	SRX503027	leaf
1101	ZM	SRX710997	ear
1102	SL	SRX2245693	root
1103	ZM	SRX710979	ear
1104	SL	SRX1160120	ovary
1105	ZM	SRX711231	stem
1106	ZM	SRX711246	stem
1107	ZM	SRX3187882	unknown
1108	ZM	SRX1419019	embryos
1109	ST	SRX1478117	leaf
1110	ST	SRX1478083	leaf
1111	ZM	SRX2423179	root
1112	ZM	SRX711048	leaf
1113	ZM	SRX711145	leaf
1114	ZM	SRX711132	leaf
1115	SL	SRX3615331	root
1116	ZM	SRX339772	growth zone
1117	ZM	SRX711035	ear
1118	ZM	SRX711042	leaf
1119	ZM	SRX711138	leaf
1120	OS	SRX1549395	unknown
1121	ZM	SRX339796	root
1122	ZM	SRX339778	embryos
1124	ZM	SRX1676952	shoot
1126	ZM	SRX2527287	stem
1127	ZM	SRX745295	unknown
1128	ZM	SRX745301	unknown
1130	ZM	SRX313720	unknown
1131	ZM	SRX827241	leaf
1132	ZM	SRX2593656	embryos
1133	ST	SRX2737147	leaf
1134	ZM	SRX2251455	leaf
1135	ZM	SRX2251422	leaf
1136	ZM	SRX3187854	unknown
1137	ZM	SRX711290	stem
1138	ZM	SRX711304	stem
1139	ZM	SRX711209	stem
1140	ZM	SRX1655626	endosperm
1141	HV	SRX2422160	unknown
1142	ZM	SRX710936	ear
1143	SL	SRX1160118	ovule
1144	ZM	SRX710941	ear
1145	ZM	SRX339813	mature female spikelets
1146	ZM	SRX711274	stem
1147	ZM	SRX343584	leaf
1148	ZM	SRX711203	stem
1149	SL	SRX2578842	meristem
1150	ZM	SRX339819	internode
1151	SL	SRX2035826	anther
1152	ZM	SRX2251428	leaf
1153	OS	SRX480866	stem
1154	OS	SRX1549407	unknown
1155	ZM	SRX711199	stem
1156	ZM	SRX711094	leaf
1157	ZM	SRX711100	leaf
1158	ZM	SRX711177	leaf
1159	ZM	SRX1528707	ovary
1160	ST	SRX1478125	leaf
1161	ZM	SRX2425989	kernel
1162	ZM	SRX711070	leaf
1163	ZM	SRX711007	ear
1164	ZM	SRX711193	stem
1165	ZM	SRX3599907	unknown
1167	ZM	SRX316716	endosperm
1168	ZM	SRX3050534	kernel
1169	ZM	SRX710984	ear
1170	ZM	SRX1122412	seedling
1171	ZM	SRX711222	stem
1172	ZM	SRX3187891	unknown
1173	ZM	SRX711255	stem
1174	ST	SRX2239236	leaf
1175	ST	SRX2737166	leaf
1176	ZM	SRX151757	meristem
1177	HV	SRX1815081	unknown
1178	ZM	SRX710960	ear
1180	ZM	SRX793136	unknown
1181	OS	SRX200757	root
1182	ZM	SRX2574386	unknown
1183	ZM	SRX711228	stem
1184	ZM	SRX711325	stem
1185	ZM	SRX3187875	unknown
1186	ZM	SRX1676941	shoot
1188	SL	SRX3615328	root
1189	OS	SRX2582233	unknown
1190	ZM	SRX711026	ear
1191	ZM	SRX711051	leaf
1192	ZM	SRX339785	leaf
1193	ZM	SRX711156	leaf
1194	OS	SRX2582239	unknown
1195	ZM	SRX711121	leaf
1196	SL	SRX3615322	callus
1197	ZM	SRX539541	root
1198	ZM	SRX339761	pericarp and aleurone
1199	ZM	SRX539536	shoot
1200	SL	SRX2563610	fruit
1201	ST	SRX1478104	leaf
1202	ST	SRX1478090	leaf
1203	SL	SRX3385264	unknown
1204	OS	SRX1549414	unknown
1205	ZM	SRX2593638	embryos
1206	ZM	SRX711267	stem
1207	ZM	SRX711210	stem
1208	ZM	SRX343579	leaf
1209	ZM	SRX711289	stem
1210	ZM	SRX710958	ear
1211	ZM	SRX718188	ear
1212	ZM	SRX711283	stem
1213	ZM	SRX711317	stem
1214	OS	SRX1158854	aleurone layer
1215	ZM	SRX710925	ear
1216	ZM	SRX710952	ear
1217	ZM	SRX339800	root
1218	SL	SRX328384	unknown
1219	ZM	SRX745312	unknown
1220	ZM	SRX2251446	leaf
1221	OS	SRX219966	root
1222	ZM	SRX2251431	leaf
1223	ZM	SRX2593645	embryos
1225	ZM	SRX2593632	embryos
1226	ST	SRX2417175	leaf
1227	ZM	SRX339759	pericarp and aleurone
1228	HV	SRX2009416	unknown
1229	ZM	SRX711119	leaf
1230	ZM	SRX711063	leaf
1231	ZM	SRX711014	ear
1232	ZM	SRX711180	leaf
1	ZM	SRX2527296	silks
3	ZM	SRX1676943	shoot
25	SL	SRX2245682	root
46	ZM	SRX711016	ear
54	ZM	SRX711085	leaf
57	ZM	SRX711188	leaf
69	ZM	SRX339802	root
70	ZM	SRX711218	stem
88	ZM	SRX711130	leaf
108	ZM	SRX2251418	leaf
113	SL	SRX2245691	root
118	ZM	SRX711102	leaf
129	ZM	SRX2593654	embryos
143	ZM	SRX711306	stem
162	SL	SRX851882	meristem
199	ZM	SRX711249	stem
215	ZM	SRX711234	stem
217	ZM	SRX711339	stem
238	ZM	SRX275923	stem
269	ZM	SRX711116	leaf
284	ZM	SRX151752	ear
294	ZM	SRX1676944	leaf
323	HV	SRX1815080	unknown
326	ZM	SRX316717	endosperm
376	ZM	SRX711086	leaf
378	ZM	SRX711068	leaf
413	ZM	SRX711043	leaf
429	OS	SRX1549406	unknown
430	ZM	SRX2251429	leaf
443	ZM	SRX710937	ear
483	SL	SRX2578844	meristem
492	ZM	SRX710930	ear
534	SL	SRX2245671	root
537	ZM	SRX711018	ear
542	HV	SRX3056735	unknown
589	ZM	SRX1676947	leaf
590	ZM	SRX2527292	silks
594	ZM	SRX3187873	unknown
631	OS	SRX219968	root
644	ZM	SRX711067	leaf
669	ZM	SRX710980	ear
697	ZM	SRX710938	ear
1233	HV	SRX3056739	unknown
1234	HV	SRX3056733	unknown
1235	HV	SRX3056744	unknown
1237	SL	SRX481133	unknown
1238	ZM	SRX711087	leaf
1239	ZM	SRX711113	leaf
1240	ZM	SRX711164	leaf
1241	ZM	SRX711069	leaf
699	ZM	SRX3434712	leaf
744	ST	SRX3653315	leaf
751	ZM	SRX3187862	unknown
767	ZM	SRX711136	leaf
804	ZM	SRX711073	leaf
805	ZM	SRX711109	leaf
838	ST	SRX2737144	leaf
858	OS	SRX2582230	unknown
859	ZM	SRX711128	leaf
895	ZM	SRX2710004	kernel
912	ZM	SRX2593631	embryos
935	ST	SRX502837	leaf
965	ZM	SRX2593635	embryos
986	ST	SRX1478103	leaf
1018	ZM	SRX3599900	unknown
1043	ZM	SRX3434711	leaf
1071	ZM	SRX2251460	leaf
1087	ZM	SRX711236	stem
1123	ST	SRX1478089	leaf
1125	ZM	SRX2423173	root
1129	SL	SRX328379	unknown
1166	SL	SRX2245680	unknown
1179	ZM	SRX710917	ear
1187	ZM	SRX2527294	silks
1224	ST	SRX2737154	leaf
1236	ZM	SRX2425990	kernel
